company_name,fyear,status_label,X1,X2,X3,X4,X5,X6,X7,X8,X9,X10,X11,X12,X13,X14,X15,X16,X17,X18,Division,MajorGroup
C_1,1999.0,alive,511267,740998,833107,180447,18373,70658,89031,191226,336.01800000000003,163816,35.163000000000004,201026,128.34799999999998,1024333,372.7519,401483,1024333,935302,D,37
C_1,2000.0,alive,485856,701.8539999999999,713811,179987,18577,45.79,64367,160444,320.59,125392,18531,204065,115187,874255,377.11800000000005,361642,874255,809888,D,37
C_1,2001.0,alive,436656,710199,526477,217699,22496,4711,27207,112244,286588,150464,-58.93899999999999,139.60299999999998,77528,638721,364.5928,399964,638721,611514,D,37
C_1,2002.0,alive,396412,686.6210000000001,496747,164658,27172,3573,30745,109.59,259954,203575,-12.41,124106,66322,606337,143.3295,391633,606337,575592,D,37
C_1,2003.0,alive,432204,709.2919999999999,523302,248666,26.68,20811,47.49100000000001,128656,247245,131261,3504,131884,104661,651.9580000000001,308.9071,407608,651.9580000000001,604467,D,37
